,train_r2,test_r2,train_rmse,test_rmse,cv_r2
DecisionTreeRegressor,0.31868144136000154,0.29221973097053905,14.420349870488419,14.99691339448405,0.2179259461559504
RandomForestRegressor,0.3215712078238403,0.31400176900398213,14.393016374115655,14.759090657767961,0.229931790642744
GradientBoostingRegressor,0.3232039895303613,0.31301535903676203,14.375358596839504,14.77048958032115,0.23749236742581176
XGBRegressor,0.32050530852960707,0.3279892226772847,14.405714270119159,14.600387714541137,0.23642446282308
SVR,0.29277546432992974,0.3285058324900457,14.697158829914207,14.600561744489713,0.2278819748496773
GaussianProcessRegressor,0.3228750566349219,0.3153500474236443,14.379211814952749,14.749079522995155,0.229830959970464
KNeighborsRegressor,0.28920780914685845,0.23787832686075774,14.725051396268976,15.442063963047184,0.20708130582317183
