,train_r2,test_r2,train_rmse,test_rmse,cv_r2
DecisionTreeRegressor,0.6707751616774809,0.4579258464238216,8.423338360081194,11.449273190740783,0.526618184121562
RandomForestRegressor,0.6721162269480817,0.5086079834378566,8.40843611832334,10.988959840453543,0.5467853274260948
GradientBoostingRegressor,0.6768888557887783,0.5047056277888482,8.35445676786718,10.989333266742756,0.5456299824843116
XGBRegressor,0.6628986105818578,0.5104324712775387,8.523794395960289,10.954997820582026,0.5436447091880665
SVR,0.6464827855252444,0.5172444324764497,8.744624787880664,10.93018274381213,0.5364120869487626
KNeighborsRegressor,0.6670849093774059,0.5283765257797881,8.473257336862599,10.77108469167962,0.5316825354576876
GaussianProcessRegressor,0.6733024759328565,0.5253690836731333,8.396735780741306,10.840533462666283,0.5450774499442524
