,crystal radius,FE,valence s,valence p,valence d,valence f,thermal conductivity,Cohesive energy
DecisionTreeRegressor,0.28350000000000003,0.52575,0.4,0.0,0.5434285714285715,0.267,0.29100000000000004,0.7886250000000001
RandomForestRegressor,0.7616666666666667,0.77,0.7485714285714287,0.5779047619047619,0.796923076923077,0.7164788732394367,0.7259322033898306,0.9057142857142858
GradientBoostingRegressor,0.7054137931034483,0.802,0.5910000000000001,0.4527692307692308,0.7433333333333334,0.5933913043478262,0.6720697674418605,0.8533333333333334
XGBRegressor,0.656,0.796923076923077,0.30000000000000004,0.0,0.46192307692307694,0.189,0.2,0.9057142857142858
SVR,0.7123076923076923,0.7171428571428572,0.7334615384615385,0.7250000000000001,0.8350000000000001,0.7616666666666667,1.0,0.7670588235294118
GaussianProcessRegressor,0.7259322033898306,0.7373469387755103,0.736,0.7123076923076923,0.8350000000000001,0.7223809523809525,1.0,0.7764516129032258
KNeighborsRegressor,0.7152054794520548,0.7373469387755103,0.7164788732394367,0.7200000000000001,0.8350000000000001,0.7616666666666667,1.0,0.7642857142857143
