,crystal radius,FE,valence s,valence p,valence d,valence f,thermal conductivity,specific heat
DecisionTreeRegressor,0.6048823529411764,0.656,0.4320588235294118,0.28350000000000003,0.8200000000000001,0.39,0.6211612903225807,0.56525
RandomForestRegressor,0.7525000000000001,0.8762500000000001,0.736,0.7152054794520548,0.9057142857142858,0.7152054794520548,0.7347058823529412,0.7467441860465117
GradientBoostingRegressor,0.745,0.8533333333333334,0.6648750000000001,0.5253414634146342,0.9057142857142858,0.524,0.7334615384615385,0.736
XGBRegressor,0.7591891891891892,0.8641176470588235,0.6560357142857144,0.32080000000000003,0.8505,0.3168888888888889,0.745,0.7591891891891892
SVR,0.71125,0.7171428571428572,0.7300000000000001,0.7300000000000001,0.8350000000000001,0.7764516129032258,1.0,0.7546153846153847
GaussianProcessRegressor,0.7334615384615385,0.745,0.7311111111111112,0.7123076923076923,0.8271428571428572,0.718529411764706,1.0,0.77
KNeighborsRegressor,0.7123076923076923,0.73875,0.7164788732394367,0.7300000000000001,0.8134782608695653,0.78,1.0,0.7433333333333334
