,train_r2,test_r2,train_rmse,test_rmse,cv_r2
DecisionTreeRegressor,0.3230147984555976,0.32490823046477385,14.378480824554254,14.632049916623325,0.2184766507356572
RandomForestRegressor,0.3238182989418506,0.3160945892924433,14.369486994207005,14.732218647670607,0.23306225270443742
GradientBoostingRegressor,0.32403389849104763,0.3196639561214689,14.367618166961496,14.700506809403574,0.2363389170214923
XGBRegressor,0.32114513655220583,0.3160069669540001,14.398432652235238,14.733528309107959,0.23389970231370358
SVR,0.2926821984365632,0.3281691767838218,14.698112363124968,14.604756742622296,0.22871879973995646
GaussianProcessRegressor,0.32276680584238726,0.3150455552192986,14.380414105456657,14.752131777485545,0.2295723254391422
KNeighborsRegressor,0.28920780914685845,0.23787832686075774,14.725051396268976,15.442063963047184,0.20708130582317183
