,crystal radius,FE,valence s,valence p,valence d,valence f,thermal conductivity,Cohesive energy
DecisionTreeRegressor,0.7515000000000001,0.6988064516129033,0.3413333333333334,0.133,0.5578461538461539,0.311,0.5459999999999999,0.9057142857142858
RandomForestRegressor,0.7616666666666667,0.8350000000000001,0.7322641509433963,0.7128571428571429,0.8200000000000001,0.7152054794520548,0.7300000000000001,0.8075000000000001
GradientBoostingRegressor,0.7670588235294118,0.8075000000000001,0.5898775510204082,0.5792786885245902,0.78,0.5888,0.7347058823529412,0.8436842105263158
XGBRegressor,0.77,0.97,0.2505,0.11414285714285714,0.77,0.39392857142857146,0.5973953488372094,0.8134782608695653
SVR,0.71125,0.7171428571428572,0.7300000000000001,0.7300000000000001,0.8350000000000001,0.7525000000000001,1.0,0.78
GaussianProcessRegressor,0.736,0.7467441860465117,0.726896551724138,0.7117721518987342,0.8134782608695653,0.7171428571428572,1.0,0.7922222222222223
KNeighborsRegressor,0.7123076923076923,0.7322641509433963,0.718529411764706,0.7259322033898306,0.8134782608695653,0.7731250000000001,1.0,0.7591891891891892
